OBJECTID,Code,ID,PC_NCDD,Province,VUL_N
0,1.00000000000,343.00000000000,1.00000000000,Banteay Meanchey,0.40686515000
0,2.00000000000,343.00000000000,2.00000000000,Battambang,0.40686515000
0,3.00000000000,344.00000000000,3.00000000000,Kampong Cham,0.33651796000
0,4.00000000000,345.00000000000,4.00000000000,Kampong Chhnang,0.46315556800
0,5.00000000000,346.00000000000,5.00000000000,Kampong Speu,0.63324338200
0,6.00000000000,347.00000000000,6.00000000000,Kampong Thom,0.40854495800
0,7.00000000000,348.00000000000,7.00000000000,Kampot,0.46617734400
0,8.00000000000,349.00000000000,8.00000000000,Kandal,0.50706005100
0,9.00000000000,350.00000000000,9.00000000000,Koh Kong,0.43049261000
0,10.00000000000,351.00000000000,10.00000000000,Kratie,0.36465045800
0,11.00000000000,352.00000000000,11.00000000000,Mondul Kiri,0.74617266700
0,12.00000000000,353.00000000000,12.00000000000,Phnom Penh,0.23117806000
0,13.00000000000,355.00000000000,13.00000000000,Preah Vihear,0.58705544500
0,14.00000000000,356.00000000000,14.00000000000,Prey Veng,0.46213561300
0,15.00000000000,354.00000000000,15.00000000000,Pursat,0.50114649500
0,16.00000000000,357.00000000000,16.00000000000,Ratanak Kiri,0.72094714600
0,17.00000000000,358.00000000000,17.00000000000,Siem Reap,0.40214738200
0,18.00000000000,348.00000000000,18.00000000000,Preah Sihanouk,0.46617734400
0,19.00000000000,359.00000000000,19.00000000000,Stung Treng,0.41601920100
0,20.00000000000,360.00000000000,20.00000000000,Svay Rieng,0.41815769700
0,21.00000000000,361.00000000000,21.00000000000,Takeo,0.51290178300
0,22.00000000000,358.00000000000,22.00000000000,Otdar Meanchey,0.40214738200
0,23.00000000000,348.00000000000,23.00000000000,Kep,0.46617734400
0,24.00000000000,343.00000000000,24.00000000000,Pailin,0.40686515000
